{"cameraMode":{"drawMode":0,"name":"Shaded","section":"Shading Mode"},"sceneLighting":true,"audioPlay":false,"sceneViewState":{"m_AlwaysRefresh":false,"showFog":true,"showSkybox":true,"showFlares":true,"showImageEffects":true,"showParticleSystems":true,"showVisualEffectGraphs":true,"m_FxEnabled":true},"in2DMode":false,"pivot":{"x":41.10057067871094,"y":0.7114462852478027,"z":42.361141204833987},"rotation":{"x":-0.21411320567131043,"y":0.31590887904167178,"z":-0.0733785480260849,"w":-0.9214306473731995},"size":1.3256490230560303,"orthographic":false}