{"cameraMode":{"drawMode":0,"name":"Shaded","section":"Shading Mode"},"sceneLighting":true,"audioPlay":false,"sceneViewState":{"m_AlwaysRefresh":false,"showFog":true,"showSkybox":true,"showFlares":true,"showImageEffects":true,"showParticleSystems":true,"showVisualEffectGraphs":true,"m_FxEnabled":true},"in2DMode":false,"pivot":{"x":0.017986774444580079,"y":0.1556079387664795,"z":0.42849111557006838},"rotation":{"x":-0.12375025451183319,"y":0.868585467338562,"z":-0.27183809876441958,"w":-0.3954107165336609},"size":4.882094860076904,"orthographic":false}